{
  "model": "Custom CNN Test",
  "accuracy": 0.8380350194552529,
  "macro_f1": 0.8044356443302183,
  "macro_precision": 0.8829362220708521,
  "macro_recall": 0.8260826055361405,
  "use_tta": true
}