{
  "model": "Ensemble",
  "accuracy": 0.9623745819397993,
  "macro_f1": 0.9616560281747972,
  "weights": {
    "MobileNetV2": 0.33353884093711467,
    "EfficientNetB0": 0.3128853267570901,
    "ResNet50": 0.3535758323057953
  }
}