{
  "model": "EfficientNetB0 Test",
  "accuracy": 0.8239299610894941,
  "macro_f1": 0.8170232009002092,
  "macro_precision": 0.8571270231753305,
  "macro_recall": 0.8148057274695176,
  "use_tta": true
}